"timestamp","participantId","name","role","teamNumber","treatmentGroup","day","demand","order","inventory","backlog","arrived","shipped","inventoryCostDay","backlogCostDay","teamPenaltyDay","totalCostDay","teamTotalInventory","teamTotalBacklog","teamInventoryCostDay","teamBacklogCostDay","teamPenaltyDay","teamTotalCostDay","lagTime","shockScheduleText","crtAnswer","crtCorrect","endUsers_demand","endUsers_order","endUsers_inventory","endUsers_backlog","endUsers_arrived","endUsers_shipped","stateLocal_demand","stateLocal_order","stateLocal_inventory","stateLocal_backlog","stateLocal_arrived","stateLocal_shipped","regional_demand","regional_order","regional_inventory","regional_backlog","regional_arrived","regional_shipped","federal_demand","federal_order","federal_inventory","federal_backlog","federal_arrived","federal_shipped"
"2026-06-18T18:21:00.000Z","P-1A-1","Team 1-A End Users","End Users","1","A","0","4","4","8","0","0","4","0.80","0.00","0.00","0.80","44","0","4.40","0.00","0.00","4.40","1","3:1; 4:2; 5:1; 8:2; 10:1","0.05","true","4","4","8","0","0","4","0","0","12","0","0","0","0","0","12","0","0","0","0","1","12","0","0","0"
"2026-06-18T18:21:00.000Z","P-1A-2","Team 1-A State/Local Hubs","State/Local Hubs","1","A","0","0","0","12","0","0","0","1.20","0.00","0.00","1.20","44","0","4.40","0.00","0.00","4.40","1","3:1; 4:2; 5:1; 8:2; 10:1","0.10","false","4","4","8","0","0","4","0","0","12","0","0","0","0","0","12","0","0","0","0","1","12","0","0","0"
"2026-06-18T18:21:00.000Z","P-1A-3","Team 1-A Regional Hubs","Regional Hubs","1","A","0","0","0","12","0","0","0","1.20","0.00","0.00","1.20","44","0","4.40","0.00","0.00","4.40","1","3:1; 4:2; 5:1; 8:2; 10:1","0.05","true","4","4","8","0","0","4","0","0","12","0","0","0","0","0","12","0","0","0","0","1","12","0","0","0"
"2026-06-18T18:21:00.000Z","P-1A-4","Team 1-A Federal Stockpile","Federal Stockpile","1","A","0","0","1","12","0","0","0","1.20","0.00","0.00","1.20","44","0","4.40","0.00","0.00","4.40","1","3:1; 4:2; 5:1; 8:2; 10:1","0.10","false","4","4","8","0","0","4","0","0","12","0","0","0","0","0","12","0","0","0","0","1","12","0","0","0"
"2026-06-18T18:21:00.000Z","P-1A-1","Team 1-A End Users","End Users","1","A","1","4","7","4","0","0","4","0.40","0.00","0.00","0.40","37","0","3.70","0.00","0.00","3.70","1","3:1; 4:2; 5:1; 8:2; 10:1","0.05","true","4","7","4","0","0","4","4","4","8","0","0","4","0","0","12","0","0","0","0","0","13","0","1","0"
"2026-06-18T18:21:00.000Z","P-1A-2","Team 1-A State/Local Hubs","State/Local Hubs","1","A","1","4","4","8","0","0","4","0.80","0.00","0.00","0.80","37","0","3.70","0.00","0.00","3.70","1","3:1; 4:2; 5:1; 8:2; 10:1","0.10","false","4","7","4","0","0","4","4","4","8","0","0","4","0","0","12","0","0","0","0","0","13","0","1","0"
"2026-06-18T18:21:00.000Z","P-1A-3","Team 1-A Regional Hubs","Regional Hubs","1","A","1","0","0","12","0","0","0","1.20","0.00","0.00","1.20","37","0","3.70","0.00","0.00","3.70","1","3:1; 4:2; 5:1; 8:2; 10:1","0.05","true","4","7","4","0","0","4","4","4","8","0","0","4","0","0","12","0","0","0","0","0","13","0","1","0"
"2026-06-18T18:21:00.000Z","P-1A-4","Team 1-A Federal Stockpile","Federal Stockpile","1","A","1","0","0","13","0","1","0","1.30","0.00","0.00","1.30","37","0","3.70","0.00","0.00","3.70","1","3:1; 4:2; 5:1; 8:2; 10:1","0.10","false","4","7","4","0","0","4","4","4","8","0","0","4","0","0","12","0","0","0","0","0","13","0","1","0"
"2026-06-18T18:21:00.000Z","P-1A-1","Team 1-A End Users","End Users","1","A","2","8","11","0","0","4","8","0.00","0.00","0.00","0.00","22","0","2.20","0.00","0.00","2.20","2","3:1; 4:2; 5:1; 8:2; 10:1","0.05","true","8","11","0","0","4","8","7","10","1","0","0","7","4","6","8","0","0","4","0","0","13","0","0","0"
"2026-06-18T18:21:00.000Z","P-1A-2","Team 1-A State/Local Hubs","State/Local Hubs","1","A","2","7","10","1","0","0","7","0.10","0.00","0.00","0.10","22","0","2.20","0.00","0.00","2.20","2","3:1; 4:2; 5:1; 8:2; 10:1","0.10","false","8","11","0","0","4","8","7","10","1","0","0","7","4","6","8","0","0","4","0","0","13","0","0","0"
"2026-06-18T18:21:00.000Z","P-1A-3","Team 1-A Regional Hubs","Regional Hubs","1","A","2","4","6","8","0","0","4","0.80","0.00","0.00","0.80","22","0","2.20","0.00","0.00","2.20","2","3:1; 4:2; 5:1; 8:2; 10:1","0.05","true","8","11","0","0","4","8","7","10","1","0","0","7","4","6","8","0","0","4","0","0","13","0","0","0"
"2026-06-18T18:21:00.000Z","P-1A-4","Team 1-A Federal Stockpile","Federal Stockpile","1","A","2","0","0","13","0","0","0","1.30","0.00","0.00","1.30","22","0","2.20","0.00","0.00","2.20","2","3:1; 4:2; 5:1; 8:2; 10:1","0.10","false","8","11","0","0","4","8","7","10","1","0","0","7","4","6","8","0","0","4","0","0","13","0","0","0"
"2026-06-18T18:21:00.000Z","P-1A-1","Team 1-A End Users","End Users","1","A","3","8","16","0","8","0","0","0.00","2.40","2.00","2.90","7","20","0.70","6.00","2.00","8.70","3","3:1; 4:2; 5:1; 8:2; 10:1","0.05","true","8","16","0","8","0","0","11","22","0","10","0","1","10","15","0","2","0","8","6","9","7","0","0","6"
"2026-06-18T18:21:00.000Z","P-1A-2","Team 1-A State/Local Hubs","State/Local Hubs","1","A","3","11","22","0","10","0","1","0.00","3.00","2.00","3.50","7","20","0.70","6.00","2.00","8.70","3","3:1; 4:2; 5:1; 8:2; 10:1","0.10","false","8","16","0","8","0","0","11","22","0","10","0","1","10","15","0","2","0","8","6","9","7","0","0","6"
"2026-06-18T18:21:00.000Z","P-1A-3","Team 1-A Regional Hubs","Regional Hubs","1","A","3","10","15","0","2","0","8","0.00","0.60","2.00","1.10","7","20","0.70","6.00","2.00","8.70","3","3:1; 4:2; 5:1; 8:2; 10:1","0.05","true","8","16","0","8","0","0","11","22","0","10","0","1","10","15","0","2","0","8","6","9","7","0","0","6"
"2026-06-18T18:21:00.000Z","P-1A-4","Team 1-A Federal Stockpile","Federal Stockpile","1","A","3","6","9","7","0","0","6","0.70","0.00","2.00","1.20","7","20","0.70","6.00","2.00","8.70","3","3:1; 4:2; 5:1; 8:2; 10:1","0.10","false","8","16","0","8","0","0","11","22","0","10","0","1","10","15","0","2","0","8","6","9","7","0","0","6"
"2026-06-18T18:21:00.000Z","P-1A-1","Team 1-A End Users","End Users","1","A","4","8","22","0","16","0","0","0.00","4.80","2.00","5.30","0","74","0.00","22.20","2.00","24.20","2","3:1; 4:2; 5:1; 8:2; 10:1","0.05","true","8","22","0","16","0","0","16","30","0","26","0","0","22","30","0","24","0","0","15","24","0","8","0","7"
"2026-06-18T18:21:00.000Z","P-1A-2","Team 1-A State/Local Hubs","State/Local Hubs","1","A","4","16","30","0","26","0","0","0.00","7.80","2.00","8.30","0","74","0.00","22.20","2.00","24.20","2","3:1; 4:2; 5:1; 8:2; 10:1","0.10","false","8","22","0","16","0","0","16","30","0","26","0","0","22","30","0","24","0","0","15","24","0","8","0","7"
"2026-06-18T18:21:00.000Z","P-1A-3","Team 1-A Regional Hubs","Regional Hubs","1","A","4","22","30","0","24","0","0","0.00","7.20","2.00","7.70","0","74","0.00","22.20","2.00","24.20","2","3:1; 4:2; 5:1; 8:2; 10:1","0.05","true","8","22","0","16","0","0","16","30","0","26","0","0","22","30","0","24","0","0","15","24","0","8","0","7"
"2026-06-18T18:21:00.000Z","P-1A-4","Team 1-A Federal Stockpile","Federal Stockpile","1","A","4","15","24","0","8","0","7","0.00","2.40","2.00","2.90","0","74","0.00","22.20","2.00","24.20","2","3:1; 4:2; 5:1; 8:2; 10:1","0.10","false","8","22","0","16","0","0","16","30","0","26","0","0","22","30","0","24","0","0","15","24","0","8","0","7"
"2026-06-18T18:21:00.000Z","P-1A-1","Team 1-A End Users","End Users","1","A","5","4","20","0","20","0","0","0.00","6.00","2.00","6.50","0","129","0.00","38.70","2.00","40.70","1","3:1; 4:2; 5:1; 8:2; 10:1","0.05","true","4","20","0","20","0","0","22","30","0","48","0","0","30","30","0","47","7","7","30","30","0","14","24","24"
"2026-06-18T18:21:00.000Z","P-1A-2","Team 1-A State/Local Hubs","State/Local Hubs","1","A","5","22","30","0","48","0","0","0.00","14.40","2.00","14.90","0","129","0.00","38.70","2.00","40.70","1","3:1; 4:2; 5:1; 8:2; 10:1","0.10","false","4","20","0","20","0","0","22","30","0","48","0","0","30","30","0","47","7","7","30","30","0","14","24","24"
"2026-06-18T18:21:00.000Z","P-1A-3","Team 1-A Regional Hubs","Regional Hubs","1","A","5","30","30","0","47","7","7","0.00","14.10","2.00","14.60","0","129","0.00","38.70","2.00","40.70","1","3:1; 4:2; 5:1; 8:2; 10:1","0.05","true","4","20","0","20","0","0","22","30","0","48","0","0","30","30","0","47","7","7","30","30","0","14","24","24"
"2026-06-18T18:21:00.000Z","P-1A-4","Team 1-A Federal Stockpile","Federal Stockpile","1","A","5","30","30","0","14","24","24","0.00","4.20","2.00","4.70","0","129","0.00","38.70","2.00","40.70","1","3:1; 4:2; 5:1; 8:2; 10:1","0.10","false","4","20","0","20","0","0","22","30","0","48","0","0","30","30","0","47","7","7","30","30","0","14","24","24"
"2026-06-18T18:21:00.000Z","P-1A-1","Team 1-A End Users","End Users","1","A","6","4","24","0","24","0","0","0.00","7.20","2.00","7.70","0","152","0.00","45.60","2.00","47.60","1","3:1; 4:2; 5:1; 8:2; 10:1","0.05","true","4","24","0","24","0","0","20","30","0","61","7","7","30","30","0","53","24","24","30","30","0","14","30","30"
"2026-06-18T18:21:00.000Z","P-1A-2","Team 1-A State/Local Hubs","State/Local Hubs","1","A","6","20","30","0","61","7","7","0.00","18.30","2.00","18.80","0","152","0.00","45.60","2.00","47.60","1","3:1; 4:2; 5:1; 8:2; 10:1","0.10","false","4","24","0","24","0","0","20","30","0","61","7","7","30","30","0","53","24","24","30","30","0","14","30","30"
"2026-06-18T18:21:00.000Z","P-1A-3","Team 1-A Regional Hubs","Regional Hubs","1","A","6","30","30","0","53","24","24","0.00","15.90","2.00","16.40","0","152","0.00","45.60","2.00","47.60","1","3:1; 4:2; 5:1; 8:2; 10:1","0.05","true","4","24","0","24","0","0","20","30","0","61","7","7","30","30","0","53","24","24","30","30","0","14","30","30"
"2026-06-18T18:21:00.000Z","P-1A-4","Team 1-A Federal Stockpile","Federal Stockpile","1","A","6","30","30","0","14","30","30","0.00","4.20","2.00","4.70","0","152","0.00","45.60","2.00","47.60","1","3:1; 4:2; 5:1; 8:2; 10:1","0.10","false","4","24","0","24","0","0","20","30","0","61","7","7","30","30","0","53","24","24","30","30","0","14","30","30"
"2026-06-18T18:21:00.000Z","P-1A-1","Team 1-A End Users","End Users","1","A","7","8","30","0","25","7","7","0.00","7.50","2.00","8.00","0","153","0.00","45.90","2.00","47.90","3","3:1; 4:2; 5:1; 8:2; 10:1","0.05","true","8","30","0","25","7","7","24","30","0","61","24","24","30","30","0","53","30","30","30","30","0","14","30","30"
"2026-06-18T18:21:00.000Z","P-1A-2","Team 1-A State/Local Hubs","State/Local Hubs","1","A","7","24","30","0","61","24","24","0.00","18.30","2.00","18.80","0","153","0.00","45.90","2.00","47.90","3","3:1; 4:2; 5:1; 8:2; 10:1","0.10","false","8","30","0","25","7","7","24","30","0","61","24","24","30","30","0","53","30","30","30","30","0","14","30","30"
"2026-06-18T18:21:00.000Z","P-1A-3","Team 1-A Regional Hubs","Regional Hubs","1","A","7","30","30","0","53","30","30","0.00","15.90","2.00","16.40","0","153","0.00","45.90","2.00","47.90","3","3:1; 4:2; 5:1; 8:2; 10:1","0.05","true","8","30","0","25","7","7","24","30","0","61","24","24","30","30","0","53","30","30","30","30","0","14","30","30"
"2026-06-18T18:21:00.000Z","P-1A-4","Team 1-A Federal Stockpile","Federal Stockpile","1","A","7","30","30","0","14","30","30","0.00","4.20","2.00","4.70","0","153","0.00","45.90","2.00","47.90","3","3:1; 4:2; 5:1; 8:2; 10:1","0.10","false","8","30","0","25","7","7","24","30","0","61","24","24","30","30","0","53","30","30","30","30","0","14","30","30"
"2026-06-18T18:21:00.000Z","P-1A-1","Team 1-A End Users","End Users","1","A","8","4","12","0","5","24","24","0.00","1.50","2.00","2.00","0","133","0.00","39.90","2.00","41.90","1","3:1; 4:2; 5:1; 8:2; 10:1","0.05","true","4","12","0","5","24","24","30","30","0","61","30","30","30","30","0","53","30","30","30","30","0","14","30","30"
"2026-06-18T18:21:00.000Z","P-1A-2","Team 1-A State/Local Hubs","State/Local Hubs","1","A","8","30","30","0","61","30","30","0.00","18.30","2.00","18.80","0","133","0.00","39.90","2.00","41.90","1","3:1; 4:2; 5:1; 8:2; 10:1","0.10","false","4","12","0","5","24","24","30","30","0","61","30","30","30","30","0","53","30","30","30","30","0","14","30","30"
"2026-06-18T18:21:00.000Z","P-1A-3","Team 1-A Regional Hubs","Regional Hubs","1","A","8","30","30","0","53","30","30","0.00","15.90","2.00","16.40","0","133","0.00","39.90","2.00","41.90","1","3:1; 4:2; 5:1; 8:2; 10:1","0.05","true","4","12","0","5","24","24","30","30","0","61","30","30","30","30","0","53","30","30","30","30","0","14","30","30"
"2026-06-18T18:21:00.000Z","P-1A-4","Team 1-A Federal Stockpile","Federal Stockpile","1","A","8","30","30","0","14","30","30","0.00","4.20","2.00","4.70","0","133","0.00","39.90","2.00","41.90","1","3:1; 4:2; 5:1; 8:2; 10:1","0.10","false","4","12","0","5","24","24","30","30","0","61","30","30","30","30","0","53","30","30","30","30","0","14","30","30"
"2026-06-18T18:21:00.000Z","P-1A-1","Team 1-A End Users","End Users","1","A","9","8","9","17","0","30","13","1.70","0.00","0.00","1.70","17","110","1.70","33.00","0.00","34.70","2","3:1; 4:2; 5:1; 8:2; 10:1","0.05","true","8","9","17","0","30","13","12","30","0","43","30","30","30","30","0","53","30","30","30","30","0","14","30","30"
"2026-06-18T18:21:00.000Z","P-1A-2","Team 1-A State/Local Hubs","State/Local Hubs","1","A","9","12","30","0","43","30","30","0.00","12.90","0.00","12.90","17","110","1.70","33.00","0.00","34.70","2","3:1; 4:2; 5:1; 8:2; 10:1","0.10","false","8","9","17","0","30","13","12","30","0","43","30","30","30","30","0","53","30","30","30","30","0","14","30","30"
"2026-06-18T18:21:00.000Z","P-1A-3","Team 1-A Regional Hubs","Regional Hubs","1","A","9","30","30","0","53","30","30","0.00","15.90","0.00","15.90","17","110","1.70","33.00","0.00","34.70","2","3:1; 4:2; 5:1; 8:2; 10:1","0.05","true","8","9","17","0","30","13","12","30","0","43","30","30","30","30","0","53","30","30","30","30","0","14","30","30"
"2026-06-18T18:21:00.000Z","P-1A-4","Team 1-A Federal Stockpile","Federal Stockpile","1","A","9","30","30","0","14","30","30","0.00","4.20","0.00","4.20","17","110","1.70","33.00","0.00","34.70","2","3:1; 4:2; 5:1; 8:2; 10:1","0.10","false","8","9","17","0","30","13","12","30","0","43","30","30","30","30","0","53","30","30","30","30","0","14","30","30"
"2026-06-18T18:21:00.000Z","P-1A-1","Team 1-A End Users","End Users","1","A","10","4","5","43","0","30","4","4.30","0.00","0.00","4.30","43","89","4.30","26.70","0.00","31.00","1","3:1; 4:2; 5:1; 8:2; 10:1","0.05","true","4","5","43","0","30","4","9","29","0","22","30","30","30","30","0","53","30","30","30","30","0","14","30","30"
"2026-06-18T18:21:00.000Z","P-1A-2","Team 1-A State/Local Hubs","State/Local Hubs","1","A","10","9","29","0","22","30","30","0.00","6.60","0.00","6.60","43","89","4.30","26.70","0.00","31.00","1","3:1; 4:2; 5:1; 8:2; 10:1","0.10","false","4","5","43","0","30","4","9","29","0","22","30","30","30","30","0","53","30","30","30","30","0","14","30","30"
"2026-06-18T18:21:00.000Z","P-1A-3","Team 1-A Regional Hubs","Regional Hubs","1","A","10","30","30","0","53","30","30","0.00","15.90","0.00","15.90","43","89","4.30","26.70","0.00","31.00","1","3:1; 4:2; 5:1; 8:2; 10:1","0.05","true","4","5","43","0","30","4","9","29","0","22","30","30","30","30","0","53","30","30","30","30","0","14","30","30"
"2026-06-18T18:21:00.000Z","P-1A-4","Team 1-A Federal Stockpile","Federal Stockpile","1","A","10","30","30","0","14","30","30","0.00","4.20","0.00","4.20","43","89","4.30","26.70","0.00","31.00","1","3:1; 4:2; 5:1; 8:2; 10:1","0.10","false","4","5","43","0","30","4","9","29","0","22","30","30","30","30","0","53","30","30","30","30","0","14","30","30"
"2026-06-18T18:21:00.000Z","P-1A-1","Team 1-A End Users","End Users","1","A","11","4","4","69","0","30","4","6.90","0.00","0.00","6.90","72","66","7.20","19.80","0.00","27.00","1","3:1; 4:2; 5:1; 8:2; 10:1","0.05","true","4","4","69","0","30","4","5","10","3","0","30","27","29","30","0","52","30","30","30","30","0","14","30","30"
"2026-06-18T18:21:00.000Z","P-1A-2","Team 1-A State/Local Hubs","State/Local Hubs","1","A","11","5","10","3","0","30","27","0.30","0.00","0.00","0.30","72","66","7.20","19.80","0.00","27.00","1","3:1; 4:2; 5:1; 8:2; 10:1","0.10","false","4","4","69","0","30","4","5","10","3","0","30","27","29","30","0","52","30","30","30","30","0","14","30","30"
"2026-06-18T18:21:00.000Z","P-1A-3","Team 1-A Regional Hubs","Regional Hubs","1","A","11","29","30","0","52","30","30","0.00","15.60","0.00","15.60","72","66","7.20","19.80","0.00","27.00","1","3:1; 4:2; 5:1; 8:2; 10:1","0.05","true","4","4","69","0","30","4","5","10","3","0","30","27","29","30","0","52","30","30","30","30","0","14","30","30"
"2026-06-18T18:21:00.000Z","P-1A-4","Team 1-A Federal Stockpile","Federal Stockpile","1","A","11","30","30","0","14","30","30","0.00","4.20","0.00","4.20","72","66","7.20","19.80","0.00","27.00","1","3:1; 4:2; 5:1; 8:2; 10:1","0.10","false","4","4","69","0","30","4","5","10","3","0","30","27","29","30","0","52","30","30","30","30","0","14","30","30"
"2026-06-18T18:02:00.000Z","P-1B-1","Team 1-B End Users","End Users","1","B","0","4","4","8","0","0","4","0.80","0.00","0.00","0.80","44","0","4.40","0.00","0.00","4.40","1","3:1; 4:2; 5:1; 8:2; 10:1","0.05","true","4","4","8","0","0","4","0","0","12","0","0","0","0","1","12","0","0","0","0","0","12","0","0","0"
"2026-06-18T18:02:00.000Z","P-1B-2","Team 1-B State/Local Hubs","State/Local Hubs","1","B","0","0","0","12","0","0","0","1.20","0.00","0.00","1.20","44","0","4.40","0.00","0.00","4.40","1","3:1; 4:2; 5:1; 8:2; 10:1","0.10","false","4","4","8","0","0","4","0","0","12","0","0","0","0","1","12","0","0","0","0","0","12","0","0","0"
"2026-06-18T18:02:00.000Z","P-1B-3","Team 1-B Regional Hubs","Regional Hubs","1","B","0","0","1","12","0","0","0","1.20","0.00","0.00","1.20","44","0","4.40","0.00","0.00","4.40","1","3:1; 4:2; 5:1; 8:2; 10:1","0.05","true","4","4","8","0","0","4","0","0","12","0","0","0","0","1","12","0","0","0","0","0","12","0","0","0"
"2026-06-18T18:02:00.000Z","P-1B-4","Team 1-B Federal Stockpile","Federal Stockpile","1","B","0","0","0","12","0","0","0","1.20","0.00","0.00","1.20","44","0","4.40","0.00","0.00","4.40","1","3:1; 4:2; 5:1; 8:2; 10:1","0.10","false","4","4","8","0","0","4","0","0","12","0","0","0","0","1","12","0","0","0","0","0","12","0","0","0"
"2026-06-18T18:02:00.000Z","P-1B-1","Team 1-B End Users","End Users","1","B","1","4","5","4","0","0","4","0.40","0.00","0.00","0.40","35","0","3.50","0.00","0.00","3.50","1","3:1; 4:2; 5:1; 8:2; 10:1","0.05","true","4","5","4","0","0","4","4","6","8","0","0","4","0","1","12","0","0","0","1","2","11","0","0","1"
"2026-06-18T18:02:00.000Z","P-1B-2","Team 1-B State/Local Hubs","State/Local Hubs","1","B","1","4","6","8","0","0","4","0.80","0.00","0.00","0.80","35","0","3.50","0.00","0.00","3.50","1","3:1; 4:2; 5:1; 8:2; 10:1","0.10","false","4","5","4","0","0","4","4","6","8","0","0","4","0","1","12","0","0","0","1","2","11","0","0","1"
"2026-06-18T18:02:00.000Z","P-1B-3","Team 1-B Regional Hubs","Regional Hubs","1","B","1","0","1","12","0","0","0","1.20","0.00","0.00","1.20","35","0","3.50","0.00","0.00","3.50","1","3:1; 4:2; 5:1; 8:2; 10:1","0.05","true","4","5","4","0","0","4","4","6","8","0","0","4","0","1","12","0","0","0","1","2","11","0","0","1"
"2026-06-18T18:02:00.000Z","P-1B-4","Team 1-B Federal Stockpile","Federal Stockpile","1","B","1","1","2","11","0","0","1","1.10","0.00","0.00","1.10","35","0","3.50","0.00","0.00","3.50","1","3:1; 4:2; 5:1; 8:2; 10:1","0.10","false","4","5","4","0","0","4","4","6","8","0","0","4","0","1","12","0","0","0","1","2","11","0","0","1"
"2026-06-18T18:02:00.000Z","P-1B-1","Team 1-B End Users","End Users","1","B","2","8","10","0","0","4","8","0.00","0.00","0.00","0.00","22","0","2.20","0.00","0.00","2.20","2","3:1; 4:2; 5:1; 8:2; 10:1","0.05","true","8","10","0","0","4","8","5","8","3","0","0","5","6","9","7","0","1","6","1","0","12","0","2","1"
"2026-06-18T18:02:00.000Z","P-1B-2","Team 1-B State/Local Hubs","State/Local Hubs","1","B","2","5","8","3","0","0","5","0.30","0.00","0.00","0.30","22","0","2.20","0.00","0.00","2.20","2","3:1; 4:2; 5:1; 8:2; 10:1","0.10","false","8","10","0","0","4","8","5","8","3","0","0","5","6","9","7","0","1","6","1","0","12","0","2","1"
"2026-06-18T18:02:00.000Z","P-1B-3","Team 1-B Regional Hubs","Regional Hubs","1","B","2","6","9","7","0","1","6","0.70","0.00","0.00","0.70","22","0","2.20","0.00","0.00","2.20","2","3:1; 4:2; 5:1; 8:2; 10:1","0.05","true","8","10","0","0","4","8","5","8","3","0","0","5","6","9","7","0","1","6","1","0","12","0","2","1"
"2026-06-18T18:02:00.000Z","P-1B-4","Team 1-B Federal Stockpile","Federal Stockpile","1","B","2","1","0","12","0","2","1","1.20","0.00","0.00","1.20","22","0","2.20","0.00","0.00","2.20","2","3:1; 4:2; 5:1; 8:2; 10:1","0.10","false","8","10","0","0","4","8","5","8","3","0","0","5","6","9","7","0","1","6","1","0","12","0","2","1"
"2026-06-18T18:02:00.000Z","P-1B-1","Team 1-B End Users","End Users","1","B","3","8","16","0","8","0","0","0.00","2.40","2.00","2.90","3","16","0.30","4.80","2.00","7.10","3","3:1; 4:2; 5:1; 8:2; 10:1","0.05","true","8","16","0","8","0","0","10","17","0","7","0","3","8","12","0","1","0","7","9","11","3","0","0","9"
"2026-06-18T18:02:00.000Z","P-1B-2","Team 1-B State/Local Hubs","State/Local Hubs","1","B","3","10","17","0","7","0","3","0.00","2.10","2.00","2.60","3","16","0.30","4.80","2.00","7.10","3","3:1; 4:2; 5:1; 8:2; 10:1","0.10","false","8","16","0","8","0","0","10","17","0","7","0","3","8","12","0","1","0","7","9","11","3","0","0","9"
"2026-06-18T18:02:00.000Z","P-1B-3","Team 1-B Regional Hubs","Regional Hubs","1","B","3","8","12","0","1","0","7","0.00","0.30","2.00","0.80","3","16","0.30","4.80","2.00","7.10","3","3:1; 4:2; 5:1; 8:2; 10:1","0.05","true","8","16","0","8","0","0","10","17","0","7","0","3","8","12","0","1","0","7","9","11","3","0","0","9"
"2026-06-18T18:02:00.000Z","P-1B-4","Team 1-B Federal Stockpile","Federal Stockpile","1","B","3","9","11","3","0","0","9","0.30","0.00","2.00","0.80","3","16","0.30","4.80","2.00","7.10","3","3:1; 4:2; 5:1; 8:2; 10:1","0.10","false","8","16","0","8","0","0","10","17","0","7","0","3","8","12","0","1","0","7","9","11","3","0","0","9"
"2026-06-18T18:02:00.000Z","P-1B-1","Team 1-B End Users","End Users","1","B","4","8","22","0","16","0","0","0.00","4.80","2.00","5.30","0","66","0.00","19.80","2.00","21.80","2","3:1; 4:2; 5:1; 8:2; 10:1","0.05","true","8","22","0","16","0","0","16","30","0","23","0","0","17","30","0","18","0","0","12","23","0","9","0","3"
"2026-06-18T18:02:00.000Z","P-1B-2","Team 1-B State/Local Hubs","State/Local Hubs","1","B","4","16","30","0","23","0","0","0.00","6.90","2.00","7.40","0","66","0.00","19.80","2.00","21.80","2","3:1; 4:2; 5:1; 8:2; 10:1","0.10","false","8","22","0","16","0","0","16","30","0","23","0","0","17","30","0","18","0","0","12","23","0","9","0","3"
"2026-06-18T18:02:00.000Z","P-1B-3","Team 1-B Regional Hubs","Regional Hubs","1","B","4","17","30","0","18","0","0","0.00","5.40","2.00","5.90","0","66","0.00","19.80","2.00","21.80","2","3:1; 4:2; 5:1; 8:2; 10:1","0.05","true","8","22","0","16","0","0","16","30","0","23","0","0","17","30","0","18","0","0","12","23","0","9","0","3"
"2026-06-18T18:02:00.000Z","P-1B-4","Team 1-B Federal Stockpile","Federal Stockpile","1","B","4","12","23","0","9","0","3","0.00","2.70","2.00","3.20","0","66","0.00","19.80","2.00","21.80","2","3:1; 4:2; 5:1; 8:2; 10:1","0.10","false","8","22","0","16","0","0","16","30","0","23","0","0","17","30","0","18","0","0","12","23","0","9","0","3"
"2026-06-18T18:02:00.000Z","P-1B-1","Team 1-B End Users","End Users","1","B","5","4","22","0","20","0","0","0.00","6.00","2.00","6.50","0","126","0.00","37.80","2.00","39.80","1","3:1; 4:2; 5:1; 8:2; 10:1","0.05","true","4","22","0","20","0","0","22","30","0","45","0","0","30","30","0","45","3","3","30","30","0","16","23","23"
"2026-06-18T18:02:00.000Z","P-1B-2","Team 1-B State/Local Hubs","State/Local Hubs","1","B","5","22","30","0","45","0","0","0.00","13.50","2.00","14.00","0","126","0.00","37.80","2.00","39.80","1","3:1; 4:2; 5:1; 8:2; 10:1","0.10","false","4","22","0","20","0","0","22","30","0","45","0","0","30","30","0","45","3","3","30","30","0","16","23","23"
"2026-06-18T18:02:00.000Z","P-1B-3","Team 1-B Regional Hubs","Regional Hubs","1","B","5","30","30","0","45","3","3","0.00","13.50","2.00","14.00","0","126","0.00","37.80","2.00","39.80","1","3:1; 4:2; 5:1; 8:2; 10:1","0.05","true","4","22","0","20","0","0","22","30","0","45","0","0","30","30","0","45","3","3","30","30","0","16","23","23"
"2026-06-18T18:02:00.000Z","P-1B-4","Team 1-B Federal Stockpile","Federal Stockpile","1","B","5","30","30","0","16","23","23","0.00","4.80","2.00","5.30","0","126","0.00","37.80","2.00","39.80","1","3:1; 4:2; 5:1; 8:2; 10:1","0.10","false","4","22","0","20","0","0","22","30","0","45","0","0","30","30","0","45","3","3","30","30","0","16","23","23"
"2026-06-18T18:02:00.000Z","P-1B-1","Team 1-B End Users","End Users","1","B","6","4","24","0","24","0","0","0.00","7.20","2.00","7.70","0","156","0.00","46.80","2.00","48.80","1","3:1; 4:2; 5:1; 8:2; 10:1","0.05","true","4","24","0","24","0","0","22","30","0","64","3","3","30","30","0","52","23","23","30","30","0","16","30","30"
"2026-06-18T18:02:00.000Z","P-1B-2","Team 1-B State/Local Hubs","State/Local Hubs","1","B","6","22","30","0","64","3","3","0.00","19.20","2.00","19.70","0","156","0.00","46.80","2.00","48.80","1","3:1; 4:2; 5:1; 8:2; 10:1","0.10","false","4","24","0","24","0","0","22","30","0","64","3","3","30","30","0","52","23","23","30","30","0","16","30","30"
"2026-06-18T18:02:00.000Z","P-1B-3","Team 1-B Regional Hubs","Regional Hubs","1","B","6","30","30","0","52","23","23","0.00","15.60","2.00","16.10","0","156","0.00","46.80","2.00","48.80","1","3:1; 4:2; 5:1; 8:2; 10:1","0.05","true","4","24","0","24","0","0","22","30","0","64","3","3","30","30","0","52","23","23","30","30","0","16","30","30"
"2026-06-18T18:02:00.000Z","P-1B-4","Team 1-B Federal Stockpile","Federal Stockpile","1","B","6","30","30","0","16","30","30","0.00","4.80","2.00","5.30","0","156","0.00","46.80","2.00","48.80","1","3:1; 4:2; 5:1; 8:2; 10:1","0.10","false","4","24","0","24","0","0","22","30","0","64","3","3","30","30","0","52","23","23","30","30","0","16","30","30"
"2026-06-18T18:02:00.000Z","P-1B-1","Team 1-B End Users","End Users","1","B","7","8","30","0","29","3","3","0.00","8.70","2.00","9.20","0","162","0.00","48.60","2.00","50.60","3","3:1; 4:2; 5:1; 8:2; 10:1","0.05","true","8","30","0","29","3","3","24","30","0","65","23","23","30","30","0","52","30","30","30","30","0","16","30","30"
"2026-06-18T18:02:00.000Z","P-1B-2","Team 1-B State/Local Hubs","State/Local Hubs","1","B","7","24","30","0","65","23","23","0.00","19.50","2.00","20.00","0","162","0.00","48.60","2.00","50.60","3","3:1; 4:2; 5:1; 8:2; 10:1","0.10","false","8","30","0","29","3","3","24","30","0","65","23","23","30","30","0","52","30","30","30","30","0","16","30","30"
"2026-06-18T18:02:00.000Z","P-1B-3","Team 1-B Regional Hubs","Regional Hubs","1","B","7","30","30","0","52","30","30","0.00","15.60","2.00","16.10","0","162","0.00","48.60","2.00","50.60","3","3:1; 4:2; 5:1; 8:2; 10:1","0.05","true","8","30","0","29","3","3","24","30","0","65","23","23","30","30","0","52","30","30","30","30","0","16","30","30"
"2026-06-18T18:02:00.000Z","P-1B-4","Team 1-B Federal Stockpile","Federal Stockpile","1","B","7","30","30","0","16","30","30","0.00","4.80","2.00","5.30","0","162","0.00","48.60","2.00","50.60","3","3:1; 4:2; 5:1; 8:2; 10:1","0.10","false","8","30","0","29","3","3","24","30","0","65","23","23","30","30","0","52","30","30","30","30","0","16","30","30"
"2026-06-18T18:02:00.000Z","P-1B-1","Team 1-B End Users","End Users","1","B","8","4","15","0","10","23","23","0.00","3.00","2.00","3.50","0","143","0.00","42.90","2.00","44.90","1","3:1; 4:2; 5:1; 8:2; 10:1","0.05","true","4","15","0","10","23","23","30","30","0","65","30","30","30","30","0","52","30","30","30","30","0","16","30","30"
"2026-06-18T18:02:00.000Z","P-1B-2","Team 1-B State/Local Hubs","State/Local Hubs","1","B","8","30","30","0","65","30","30","0.00","19.50","2.00","20.00","0","143","0.00","42.90","2.00","44.90","1","3:1; 4:2; 5:1; 8:2; 10:1","0.10","false","4","15","0","10","23","23","30","30","0","65","30","30","30","30","0","52","30","30","30","30","0","16","30","30"
"2026-06-18T18:02:00.000Z","P-1B-3","Team 1-B Regional Hubs","Regional Hubs","1","B","8","30","30","0","52","30","30","0.00","15.60","2.00","16.10","0","143","0.00","42.90","2.00","44.90","1","3:1; 4:2; 5:1; 8:2; 10:1","0.05","true","4","15","0","10","23","23","30","30","0","65","30","30","30","30","0","52","30","30","30","30","0","16","30","30"
"2026-06-18T18:02:00.000Z","P-1B-4","Team 1-B Federal Stockpile","Federal Stockpile","1","B","8","30","30","0","16","30","30","0.00","4.80","2.00","5.30","0","143","0.00","42.90","2.00","44.90","1","3:1; 4:2; 5:1; 8:2; 10:1","0.10","false","4","15","0","10","23","23","30","30","0","65","30","30","30","30","0","52","30","30","30","30","0","16","30","30"
"2026-06-18T18:02:00.000Z","P-1B-1","Team 1-B End Users","End Users","1","B","9","8","9","12","0","30","18","1.20","0.00","0.00","1.20","12","118","1.20","35.40","0.00","36.60","2","3:1; 4:2; 5:1; 8:2; 10:1","0.05","true","8","9","12","0","30","18","15","30","0","50","30","30","30","30","0","52","30","30","30","30","0","16","30","30"
"2026-06-18T18:02:00.000Z","P-1B-2","Team 1-B State/Local Hubs","State/Local Hubs","1","B","9","15","30","0","50","30","30","0.00","15.00","0.00","15.00","12","118","1.20","35.40","0.00","36.60","2","3:1; 4:2; 5:1; 8:2; 10:1","0.10","false","8","9","12","0","30","18","15","30","0","50","30","30","30","30","0","52","30","30","30","30","0","16","30","30"
"2026-06-18T18:02:00.000Z","P-1B-3","Team 1-B Regional Hubs","Regional Hubs","1","B","9","30","30","0","52","30","30","0.00","15.60","0.00","15.60","12","118","1.20","35.40","0.00","36.60","2","3:1; 4:2; 5:1; 8:2; 10:1","0.05","true","8","9","12","0","30","18","15","30","0","50","30","30","30","30","0","52","30","30","30","30","0","16","30","30"
"2026-06-18T18:02:00.000Z","P-1B-4","Team 1-B Federal Stockpile","Federal Stockpile","1","B","9","30","30","0","16","30","30","0.00","4.80","0.00","4.80","12","118","1.20","35.40","0.00","36.60","2","3:1; 4:2; 5:1; 8:2; 10:1","0.10","false","8","9","12","0","30","18","15","30","0","50","30","30","30","30","0","52","30","30","30","30","0","16","30","30"
"2026-06-18T18:02:00.000Z","P-1B-1","Team 1-B End Users","End Users","1","B","10","4","4","38","0","30","4","3.80","0.00","0.00","3.80","38","97","3.80","29.10","0.00","32.90","1","3:1; 4:2; 5:1; 8:2; 10:1","0.05","true","4","4","38","0","30","4","9","30","0","29","30","30","30","30","0","52","30","30","30","30","0","16","30","30"
"2026-06-18T18:02:00.000Z","P-1B-2","Team 1-B State/Local Hubs","State/Local Hubs","1","B","10","9","30","0","29","30","30","0.00","8.70","0.00","8.70","38","97","3.80","29.10","0.00","32.90","1","3:1; 4:2; 5:1; 8:2; 10:1","0.10","false","4","4","38","0","30","4","9","30","0","29","30","30","30","30","0","52","30","30","30","30","0","16","30","30"
"2026-06-18T18:02:00.000Z","P-1B-3","Team 1-B Regional Hubs","Regional Hubs","1","B","10","30","30","0","52","30","30","0.00","15.60","0.00","15.60","38","97","3.80","29.10","0.00","32.90","1","3:1; 4:2; 5:1; 8:2; 10:1","0.05","true","4","4","38","0","30","4","9","30","0","29","30","30","30","30","0","52","30","30","30","30","0","16","30","30"
"2026-06-18T18:02:00.000Z","P-1B-4","Team 1-B Federal Stockpile","Federal Stockpile","1","B","10","30","30","0","16","30","30","0.00","4.80","0.00","4.80","38","97","3.80","29.10","0.00","32.90","1","3:1; 4:2; 5:1; 8:2; 10:1","0.10","false","4","4","38","0","30","4","9","30","0","29","30","30","30","30","0","52","30","30","30","30","0","16","30","30"
"2026-06-18T18:02:00.000Z","P-1B-1","Team 1-B End Users","End Users","1","B","11","4","6","64","0","30","4","6.40","0.00","0.00","6.40","64","71","6.40","21.30","0.00","27.70","1","3:1; 4:2; 5:1; 8:2; 10:1","0.05","true","4","6","64","0","30","4","4","12","0","3","30","30","30","30","0","52","30","30","30","30","0","16","30","30"
"2026-06-18T18:02:00.000Z","P-1B-2","Team 1-B State/Local Hubs","State/Local Hubs","1","B","11","4","12","0","3","30","30","0.00","0.90","0.00","0.90","64","71","6.40","21.30","0.00","27.70","1","3:1; 4:2; 5:1; 8:2; 10:1","0.10","false","4","6","64","0","30","4","4","12","0","3","30","30","30","30","0","52","30","30","30","30","0","16","30","30"
"2026-06-18T18:02:00.000Z","P-1B-3","Team 1-B Regional Hubs","Regional Hubs","1","B","11","30","30","0","52","30","30","0.00","15.60","0.00","15.60","64","71","6.40","21.30","0.00","27.70","1","3:1; 4:2; 5:1; 8:2; 10:1","0.05","true","4","6","64","0","30","4","4","12","0","3","30","30","30","30","0","52","30","30","30","30","0","16","30","30"
"2026-06-18T18:02:00.000Z","P-1B-4","Team 1-B Federal Stockpile","Federal Stockpile","1","B","11","30","30","0","16","30","30","0.00","4.80","0.00","4.80","64","71","6.40","21.30","0.00","27.70","1","3:1; 4:2; 5:1; 8:2; 10:1","0.10","false","4","6","64","0","30","4","4","12","0","3","30","30","30","30","0","52","30","30","30","30","0","16","30","30"
"2026-06-18T18:23:00.000Z","P-1C-1","Team 1-C End Users","End Users","1","C","0","4","4","8","0","0","4","0.80","0.00","0.00","0.80","44","0","4.40","0.00","0.00","4.40","1","3:1; 4:2; 5:1; 8:2; 10:1","0.05","true","4","4","8","0","0","4","0","1","12","0","0","0","0","0","12","0","0","0","0","0","12","0","0","0"
"2026-06-18T18:23:00.000Z","P-1C-2","Team 1-C State/Local Hubs","State/Local Hubs","1","C","0","0","1","12","0","0","0","1.20","0.00","0.00","1.20","44","0","4.40","0.00","0.00","4.40","1","3:1; 4:2; 5:1; 8:2; 10:1","0.10","false","4","4","8","0","0","4","0","1","12","0","0","0","0","0","12","0","0","0","0","0","12","0","0","0"
"2026-06-18T18:23:00.000Z","P-1C-3","Team 1-C Regional Hubs","Regional Hubs","1","C","0","0","0","12","0","0","0","1.20","0.00","0.00","1.20","44","0","4.40","0.00","0.00","4.40","1","3:1; 4:2; 5:1; 8:2; 10:1","0.05","true","4","4","8","0","0","4","0","1","12","0","0","0","0","0","12","0","0","0","0","0","12","0","0","0"
"2026-06-18T18:23:00.000Z","P-1C-4","Team 1-C Federal Stockpile","Federal Stockpile","1","C","0","0","0","12","0","0","0","1.20","0.00","0.00","1.20","44","0","4.40","0.00","0.00","4.40","1","3:1; 4:2; 5:1; 8:2; 10:1","0.10","false","4","4","8","0","0","4","0","1","12","0","0","0","0","0","12","0","0","0","0","0","12","0","0","0"
"2026-06-18T18:23:00.000Z","P-1C-1","Team 1-C End Users","End Users","1","C","1","4","5","4","0","0","4","0.40","0.00","0.00","0.40","35","0","3.50","0.00","0.00","3.50","1","3:1; 4:2; 5:1; 8:2; 10:1","0.05","true","4","5","4","0","0","4","4","6","8","0","0","4","1","2","11","0","0","1","0","0","12","0","0","0"
"2026-06-18T18:23:00.000Z","P-1C-2","Team 1-C State/Local Hubs","State/Local Hubs","1","C","1","4","6","8","0","0","4","0.80","0.00","0.00","0.80","35","0","3.50","0.00","0.00","3.50","1","3:1; 4:2; 5:1; 8:2; 10:1","0.10","false","4","5","4","0","0","4","4","6","8","0","0","4","1","2","11","0","0","1","0","0","12","0","0","0"
"2026-06-18T18:23:00.000Z","P-1C-3","Team 1-C Regional Hubs","Regional Hubs","1","C","1","1","2","11","0","0","1","1.10","0.00","0.00","1.10","35","0","3.50","0.00","0.00","3.50","1","3:1; 4:2; 5:1; 8:2; 10:1","0.05","true","4","5","4","0","0","4","4","6","8","0","0","4","1","2","11","0","0","1","0","0","12","0","0","0"
"2026-06-18T18:23:00.000Z","P-1C-4","Team 1-C Federal Stockpile","Federal Stockpile","1","C","1","0","0","12","0","0","0","1.20","0.00","0.00","1.20","35","0","3.50","0.00","0.00","3.50","1","3:1; 4:2; 5:1; 8:2; 10:1","0.10","false","4","5","4","0","0","4","4","6","8","0","0","4","1","2","11","0","0","1","0","0","12","0","0","0"
"2026-06-18T18:23:00.000Z","P-1C-1","Team 1-C End Users","End Users","1","C","2","8","12","0","0","4","8","0.00","0.00","0.00","0.00","19","0","1.90","0.00","0.00","1.90","2","3:1; 4:2; 5:1; 8:2; 10:1","0.05","true","8","12","0","0","4","8","5","8","4","0","1","5","6","7","5","0","0","6","2","4","10","0","0","2"
"2026-06-18T18:23:00.000Z","P-1C-2","Team 1-C State/Local Hubs","State/Local Hubs","1","C","2","5","8","4","0","1","5","0.40","0.00","0.00","0.40","19","0","1.90","0.00","0.00","1.90","2","3:1; 4:2; 5:1; 8:2; 10:1","0.10","false","8","12","0","0","4","8","5","8","4","0","1","5","6","7","5","0","0","6","2","4","10","0","0","2"
"2026-06-18T18:23:00.000Z","P-1C-3","Team 1-C Regional Hubs","Regional Hubs","1","C","2","6","7","5","0","0","6","0.50","0.00","0.00","0.50","19","0","1.90","0.00","0.00","1.90","2","3:1; 4:2; 5:1; 8:2; 10:1","0.05","true","8","12","0","0","4","8","5","8","4","0","1","5","6","7","5","0","0","6","2","4","10","0","0","2"
"2026-06-18T18:23:00.000Z","P-1C-4","Team 1-C Federal Stockpile","Federal Stockpile","1","C","2","2","4","10","0","0","2","1.00","0.00","0.00","1.00","19","0","1.90","0.00","0.00","1.90","2","3:1; 4:2; 5:1; 8:2; 10:1","0.10","false","8","12","0","0","4","8","5","8","4","0","1","5","6","7","5","0","0","6","2","4","10","0","0","2"
"2026-06-18T18:23:00.000Z","P-1C-1","Team 1-C End Users","End Users","1","C","3","8","16","0","8","0","0","0.00","2.40","2.00","2.90","3","19","0.30","5.70","2.00","8.00","3","3:1; 4:2; 5:1; 8:2; 10:1","0.05","true","8","16","0","8","0","0","12","22","0","8","0","4","8","14","0","3","0","5","7","9","3","0","0","7"
"2026-06-18T18:23:00.000Z","P-1C-2","Team 1-C State/Local Hubs","State/Local Hubs","1","C","3","12","22","0","8","0","4","0.00","2.40","2.00","2.90","3","19","0.30","5.70","2.00","8.00","3","3:1; 4:2; 5:1; 8:2; 10:1","0.10","false","8","16","0","8","0","0","12","22","0","8","0","4","8","14","0","3","0","5","7","9","3","0","0","7"
"2026-06-18T18:23:00.000Z","P-1C-3","Team 1-C Regional Hubs","Regional Hubs","1","C","3","8","14","0","3","0","5","0.00","0.90","2.00","1.40","3","19","0.30","5.70","2.00","8.00","3","3:1; 4:2; 5:1; 8:2; 10:1","0.05","true","8","16","0","8","0","0","12","22","0","8","0","4","8","14","0","3","0","5","7","9","3","0","0","7"
"2026-06-18T18:23:00.000Z","P-1C-4","Team 1-C Federal Stockpile","Federal Stockpile","1","C","3","7","9","3","0","0","7","0.30","0.00","2.00","0.80","3","19","0.30","5.70","2.00","8.00","3","3:1; 4:2; 5:1; 8:2; 10:1","0.10","false","8","16","0","8","0","0","12","22","0","8","0","4","8","14","0","3","0","5","7","9","3","0","0","7"
"2026-06-18T18:23:00.000Z","P-1C-1","Team 1-C End Users","End Users","1","C","4","8","23","0","16","0","0","0.00","4.80","2.00","5.30","0","76","0.00","22.80","2.00","24.80","2","3:1; 4:2; 5:1; 8:2; 10:1","0.05","true","8","23","0","16","0","0","16","30","0","24","0","0","22","30","0","25","0","0","14","24","0","11","0","3"
"2026-06-18T18:23:00.000Z","P-1C-2","Team 1-C State/Local Hubs","State/Local Hubs","1","C","4","16","30","0","24","0","0","0.00","7.20","2.00","7.70","0","76","0.00","22.80","2.00","24.80","2","3:1; 4:2; 5:1; 8:2; 10:1","0.10","false","8","23","0","16","0","0","16","30","0","24","0","0","22","30","0","25","0","0","14","24","0","11","0","3"
"2026-06-18T18:23:00.000Z","P-1C-3","Team 1-C Regional Hubs","Regional Hubs","1","C","4","22","30","0","25","0","0","0.00","7.50","2.00","8.00","0","76","0.00","22.80","2.00","24.80","2","3:1; 4:2; 5:1; 8:2; 10:1","0.05","true","8","23","0","16","0","0","16","30","0","24","0","0","22","30","0","25","0","0","14","24","0","11","0","3"
"2026-06-18T18:23:00.000Z","P-1C-4","Team 1-C Federal Stockpile","Federal Stockpile","1","C","4","14","24","0","11","0","3","0.00","3.30","2.00","3.80","0","76","0.00","22.80","2.00","24.80","2","3:1; 4:2; 5:1; 8:2; 10:1","0.10","false","8","23","0","16","0","0","16","30","0","24","0","0","22","30","0","25","0","0","14","24","0","11","0","3"
"2026-06-18T18:23:00.000Z","P-1C-1","Team 1-C End Users","End Users","1","C","5","4","21","0","20","0","0","0.00","6.00","2.00","6.50","0","136","0.00","40.80","2.00","42.80","1","3:1; 4:2; 5:1; 8:2; 10:1","0.05","true","4","21","0","20","0","0","23","30","0","47","0","0","30","30","0","52","3","3","30","30","0","17","24","24"
"2026-06-18T18:23:00.000Z","P-1C-2","Team 1-C State/Local Hubs","State/Local Hubs","1","C","5","23","30","0","47","0","0","0.00","14.10","2.00","14.60","0","136","0.00","40.80","2.00","42.80","1","3:1; 4:2; 5:1; 8:2; 10:1","0.10","false","4","21","0","20","0","0","23","30","0","47","0","0","30","30","0","52","3","3","30","30","0","17","24","24"
"2026-06-18T18:23:00.000Z","P-1C-3","Team 1-C Regional Hubs","Regional Hubs","1","C","5","30","30","0","52","3","3","0.00","15.60","2.00","16.10","0","136","0.00","40.80","2.00","42.80","1","3:1; 4:2; 5:1; 8:2; 10:1","0.05","true","4","21","0","20","0","0","23","30","0","47","0","0","30","30","0","52","3","3","30","30","0","17","24","24"
"2026-06-18T18:23:00.000Z","P-1C-4","Team 1-C Federal Stockpile","Federal Stockpile","1","C","5","30","30","0","17","24","24","0.00","5.10","2.00","5.60","0","136","0.00","40.80","2.00","42.80","1","3:1; 4:2; 5:1; 8:2; 10:1","0.10","false","4","21","0","20","0","0","23","30","0","47","0","0","30","30","0","52","3","3","30","30","0","17","24","24"
"2026-06-18T18:23:00.000Z","P-1C-1","Team 1-C End Users","End Users","1","C","6","4","24","0","24","0","0","0.00","7.20","2.00","7.70","0","164","0.00","49.20","2.00","51.20","1","3:1; 4:2; 5:1; 8:2; 10:1","0.05","true","4","24","0","24","0","0","21","30","0","65","3","3","30","30","0","58","24","24","30","30","0","17","30","30"
"2026-06-18T18:23:00.000Z","P-1C-2","Team 1-C State/Local Hubs","State/Local Hubs","1","C","6","21","30","0","65","3","3","0.00","19.50","2.00","20.00","0","164","0.00","49.20","2.00","51.20","1","3:1; 4:2; 5:1; 8:2; 10:1","0.10","false","4","24","0","24","0","0","21","30","0","65","3","3","30","30","0","58","24","24","30","30","0","17","30","30"
"2026-06-18T18:23:00.000Z","P-1C-3","Team 1-C Regional Hubs","Regional Hubs","1","C","6","30","30","0","58","24","24","0.00","17.40","2.00","17.90","0","164","0.00","49.20","2.00","51.20","1","3:1; 4:2; 5:1; 8:2; 10:1","0.05","true","4","24","0","24","0","0","21","30","0","65","3","3","30","30","0","58","24","24","30","30","0","17","30","30"
"2026-06-18T18:23:00.000Z","P-1C-4","Team 1-C Federal Stockpile","Federal Stockpile","1","C","6","30","30","0","17","30","30","0.00","5.10","2.00","5.60","0","164","0.00","49.20","2.00","51.20","1","3:1; 4:2; 5:1; 8:2; 10:1","0.10","false","4","24","0","24","0","0","21","30","0","65","3","3","30","30","0","58","24","24","30","30","0","17","30","30"
"2026-06-18T18:23:00.000Z","P-1C-1","Team 1-C End Users","End Users","1","C","7","8","30","0","29","3","3","0.00","8.70","2.00","9.20","0","169","0.00","50.70","2.00","52.70","3","3:1; 4:2; 5:1; 8:2; 10:1","0.05","true","8","30","0","29","3","3","24","30","0","65","24","24","30","30","0","58","30","30","30","30","0","17","30","30"
"2026-06-18T18:23:00.000Z","P-1C-2","Team 1-C State/Local Hubs","State/Local Hubs","1","C","7","24","30","0","65","24","24","0.00","19.50","2.00","20.00","0","169","0.00","50.70","2.00","52.70","3","3:1; 4:2; 5:1; 8:2; 10:1","0.10","false","8","30","0","29","3","3","24","30","0","65","24","24","30","30","0","58","30","30","30","30","0","17","30","30"
"2026-06-18T18:23:00.000Z","P-1C-3","Team 1-C Regional Hubs","Regional Hubs","1","C","7","30","30","0","58","30","30","0.00","17.40","2.00","17.90","0","169","0.00","50.70","2.00","52.70","3","3:1; 4:2; 5:1; 8:2; 10:1","0.05","true","8","30","0","29","3","3","24","30","0","65","24","24","30","30","0","58","30","30","30","30","0","17","30","30"
"2026-06-18T18:23:00.000Z","P-1C-4","Team 1-C Federal Stockpile","Federal Stockpile","1","C","7","30","30","0","17","30","30","0.00","5.10","2.00","5.60","0","169","0.00","50.70","2.00","52.70","3","3:1; 4:2; 5:1; 8:2; 10:1","0.10","false","8","30","0","29","3","3","24","30","0","65","24","24","30","30","0","58","30","30","30","30","0","17","30","30"
"2026-06-18T18:23:00.000Z","P-1C-1","Team 1-C End Users","End Users","1","C","8","4","15","0","9","24","24","0.00","2.70","2.00","3.20","0","149","0.00","44.70","2.00","46.70","1","3:1; 4:2; 5:1; 8:2; 10:1","0.05","true","4","15","0","9","24","24","30","30","0","65","30","30","30","30","0","58","30","30","30","30","0","17","30","30"
"2026-06-18T18:23:00.000Z","P-1C-2","Team 1-C State/Local Hubs","State/Local Hubs","1","C","8","30","30","0","65","30","30","0.00","19.50","2.00","20.00","0","149","0.00","44.70","2.00","46.70","1","3:1; 4:2; 5:1; 8:2; 10:1","0.10","false","4","15","0","9","24","24","30","30","0","65","30","30","30","30","0","58","30","30","30","30","0","17","30","30"
"2026-06-18T18:23:00.000Z","P-1C-3","Team 1-C Regional Hubs","Regional Hubs","1","C","8","30","30","0","58","30","30","0.00","17.40","2.00","17.90","0","149","0.00","44.70","2.00","46.70","1","3:1; 4:2; 5:1; 8:2; 10:1","0.05","true","4","15","0","9","24","24","30","30","0","65","30","30","30","30","0","58","30","30","30","30","0","17","30","30"
"2026-06-18T18:23:00.000Z","P-1C-4","Team 1-C Federal Stockpile","Federal Stockpile","1","C","8","30","30","0","17","30","30","0.00","5.10","2.00","5.60","0","149","0.00","44.70","2.00","46.70","1","3:1; 4:2; 5:1; 8:2; 10:1","0.10","false","4","15","0","9","24","24","30","30","0","65","30","30","30","30","0","58","30","30","30","30","0","17","30","30"
"2026-06-18T18:23:00.000Z","P-1C-1","Team 1-C End Users","End Users","1","C","9","8","10","13","0","30","17","1.30","0.00","0.00","1.30","13","125","1.30","37.50","0.00","38.80","2","3:1; 4:2; 5:1; 8:2; 10:1","0.05","true","8","10","13","0","30","17","15","30","0","50","30","30","30","30","0","58","30","30","30","30","0","17","30","30"
"2026-06-18T18:23:00.000Z","P-1C-2","Team 1-C State/Local Hubs","State/Local Hubs","1","C","9","15","30","0","50","30","30","0.00","15.00","0.00","15.00","13","125","1.30","37.50","0.00","38.80","2","3:1; 4:2; 5:1; 8:2; 10:1","0.10","false","8","10","13","0","30","17","15","30","0","50","30","30","30","30","0","58","30","30","30","30","0","17","30","30"
"2026-06-18T18:23:00.000Z","P-1C-3","Team 1-C Regional Hubs","Regional Hubs","1","C","9","30","30","0","58","30","30","0.00","17.40","0.00","17.40","13","125","1.30","37.50","0.00","38.80","2","3:1; 4:2; 5:1; 8:2; 10:1","0.05","true","8","10","13","0","30","17","15","30","0","50","30","30","30","30","0","58","30","30","30","30","0","17","30","30"
"2026-06-18T18:23:00.000Z","P-1C-4","Team 1-C Federal Stockpile","Federal Stockpile","1","C","9","30","30","0","17","30","30","0.00","5.10","0.00","5.10","13","125","1.30","37.50","0.00","38.80","2","3:1; 4:2; 5:1; 8:2; 10:1","0.10","false","8","10","13","0","30","17","15","30","0","50","30","30","30","30","0","58","30","30","30","30","0","17","30","30"
"2026-06-18T18:23:00.000Z","P-1C-1","Team 1-C End Users","End Users","1","C","10","4","4","39","0","30","4","3.90","0.00","0.00","3.90","39","105","3.90","31.50","0.00","35.40","1","3:1; 4:2; 5:1; 8:2; 10:1","0.05","true","4","4","39","0","30","4","10","30","0","30","30","30","30","30","0","58","30","30","30","30","0","17","30","30"
"2026-06-18T18:23:00.000Z","P-1C-2","Team 1-C State/Local Hubs","State/Local Hubs","1","C","10","10","30","0","30","30","30","0.00","9.00","0.00","9.00","39","105","3.90","31.50","0.00","35.40","1","3:1; 4:2; 5:1; 8:2; 10:1","0.10","false","4","4","39","0","30","4","10","30","0","30","30","30","30","30","0","58","30","30","30","30","0","17","30","30"
"2026-06-18T18:23:00.000Z","P-1C-3","Team 1-C Regional Hubs","Regional Hubs","1","C","10","30","30","0","58","30","30","0.00","17.40","0.00","17.40","39","105","3.90","31.50","0.00","35.40","1","3:1; 4:2; 5:1; 8:2; 10:1","0.05","true","4","4","39","0","30","4","10","30","0","30","30","30","30","30","0","58","30","30","30","30","0","17","30","30"
"2026-06-18T18:23:00.000Z","P-1C-4","Team 1-C Federal Stockpile","Federal Stockpile","1","C","10","30","30","0","17","30","30","0.00","5.10","0.00","5.10","39","105","3.90","31.50","0.00","35.40","1","3:1; 4:2; 5:1; 8:2; 10:1","0.10","false","4","4","39","0","30","4","10","30","0","30","30","30","30","30","0","58","30","30","30","30","0","17","30","30"
"2026-06-18T18:23:00.000Z","P-1C-1","Team 1-C End Users","End Users","1","C","11","4","5","65","0","30","4","6.50","0.00","0.00","6.50","65","79","6.50","23.70","0.00","30.20","1","3:1; 4:2; 5:1; 8:2; 10:1","0.05","true","4","5","65","0","30","4","4","10","0","4","30","30","30","30","0","58","30","30","30","30","0","17","30","30"
"2026-06-18T18:23:00.000Z","P-1C-2","Team 1-C State/Local Hubs","State/Local Hubs","1","C","11","4","10","0","4","30","30","0.00","1.20","0.00","1.20","65","79","6.50","23.70","0.00","30.20","1","3:1; 4:2; 5:1; 8:2; 10:1","0.10","false","4","5","65","0","30","4","4","10","0","4","30","30","30","30","0","58","30","30","30","30","0","17","30","30"
"2026-06-18T18:23:00.000Z","P-1C-3","Team 1-C Regional Hubs","Regional Hubs","1","C","11","30","30","0","58","30","30","0.00","17.40","0.00","17.40","65","79","6.50","23.70","0.00","30.20","1","3:1; 4:2; 5:1; 8:2; 10:1","0.05","true","4","5","65","0","30","4","4","10","0","4","30","30","30","30","0","58","30","30","30","30","0","17","30","30"
"2026-06-18T18:23:00.000Z","P-1C-4","Team 1-C Federal Stockpile","Federal Stockpile","1","C","11","30","30","0","17","30","30","0.00","5.10","0.00","5.10","65","79","6.50","23.70","0.00","30.20","1","3:1; 4:2; 5:1; 8:2; 10:1","0.10","false","4","5","65","0","30","4","4","10","0","4","30","30","30","30","0","58","30","30","30","30","0","17","30","30"
"2026-06-18T18:04:00.000Z","P-1D-1","Team 1-D End Users","End Users","1","D","0","4","4","8","0","0","4","0.80","0.00","0.00","0.80","44","0","4.40","0.00","0.00","4.40","1","3:1; 4:2; 5:1; 8:2; 10:1","0.05","true","4","4","8","0","0","4","0","0","12","0","0","0","0","0","12","0","0","0","0","1","12","0","0","0"
"2026-06-18T18:04:00.000Z","P-1D-2","Team 1-D State/Local Hubs","State/Local Hubs","1","D","0","0","0","12","0","0","0","1.20","0.00","0.00","1.20","44","0","4.40","0.00","0.00","4.40","1","3:1; 4:2; 5:1; 8:2; 10:1","0.10","false","4","4","8","0","0","4","0","0","12","0","0","0","0","0","12","0","0","0","0","1","12","0","0","0"
"2026-06-18T18:04:00.000Z","P-1D-3","Team 1-D Regional Hubs","Regional Hubs","1","D","0","0","0","12","0","0","0","1.20","0.00","0.00","1.20","44","0","4.40","0.00","0.00","4.40","1","3:1; 4:2; 5:1; 8:2; 10:1","0.05","true","4","4","8","0","0","4","0","0","12","0","0","0","0","0","12","0","0","0","0","1","12","0","0","0"
"2026-06-18T18:04:00.000Z","P-1D-4","Team 1-D Federal Stockpile","Federal Stockpile","1","D","0","0","1","12","0","0","0","1.20","0.00","0.00","1.20","44","0","4.40","0.00","0.00","4.40","1","3:1; 4:2; 5:1; 8:2; 10:1","0.10","false","4","4","8","0","0","4","0","0","12","0","0","0","0","0","12","0","0","0","0","1","12","0","0","0"
"2026-06-18T18:04:00.000Z","P-1D-1","Team 1-D End Users","End Users","1","D","1","4","6","4","0","0","4","0.40","0.00","0.00","0.40","37","0","3.70","0.00","0.00","3.70","1","3:1; 4:2; 5:1; 8:2; 10:1","0.05","true","4","6","4","0","0","4","4","4","8","0","0","4","0","0","12","0","0","0","0","0","13","0","1","0"
"2026-06-18T18:04:00.000Z","P-1D-2","Team 1-D State/Local Hubs","State/Local Hubs","1","D","1","4","4","8","0","0","4","0.80","0.00","0.00","0.80","37","0","3.70","0.00","0.00","3.70","1","3:1; 4:2; 5:1; 8:2; 10:1","0.10","false","4","6","4","0","0","4","4","4","8","0","0","4","0","0","12","0","0","0","0","0","13","0","1","0"
"2026-06-18T18:04:00.000Z","P-1D-3","Team 1-D Regional Hubs","Regional Hubs","1","D","1","0","0","12","0","0","0","1.20","0.00","0.00","1.20","37","0","3.70","0.00","0.00","3.70","1","3:1; 4:2; 5:1; 8:2; 10:1","0.05","true","4","6","4","0","0","4","4","4","8","0","0","4","0","0","12","0","0","0","0","0","13","0","1","0"
"2026-06-18T18:04:00.000Z","P-1D-4","Team 1-D Federal Stockpile","Federal Stockpile","1","D","1","0","0","13","0","1","0","1.30","0.00","0.00","1.30","37","0","3.70","0.00","0.00","3.70","1","3:1; 4:2; 5:1; 8:2; 10:1","0.10","false","4","6","4","0","0","4","4","4","8","0","0","4","0","0","12","0","0","0","0","0","13","0","1","0"
"2026-06-18T18:04:00.000Z","P-1D-1","Team 1-D End Users","End Users","1","D","2","8","10","0","0","4","8","0.00","0.00","0.00","0.00","23","0","2.30","0.00","0.00","2.30","2","3:1; 4:2; 5:1; 8:2; 10:1","0.05","true","8","10","0","0","4","8","6","9","2","0","0","6","4","5","8","0","0","4","0","0","13","0","0","0"
"2026-06-18T18:04:00.000Z","P-1D-2","Team 1-D State/Local Hubs","State/Local Hubs","1","D","2","6","9","2","0","0","6","0.20","0.00","0.00","0.20","23","0","2.30","0.00","0.00","2.30","2","3:1; 4:2; 5:1; 8:2; 10:1","0.10","false","8","10","0","0","4","8","6","9","2","0","0","6","4","5","8","0","0","4","0","0","13","0","0","0"
"2026-06-18T18:04:00.000Z","P-1D-3","Team 1-D Regional Hubs","Regional Hubs","1","D","2","4","5","8","0","0","4","0.80","0.00","0.00","0.80","23","0","2.30","0.00","0.00","2.30","2","3:1; 4:2; 5:1; 8:2; 10:1","0.05","true","8","10","0","0","4","8","6","9","2","0","0","6","4","5","8","0","0","4","0","0","13","0","0","0"
"2026-06-18T18:04:00.000Z","P-1D-4","Team 1-D Federal Stockpile","Federal Stockpile","1","D","2","0","0","13","0","0","0","1.30","0.00","0.00","1.30","23","0","2.30","0.00","0.00","2.30","2","3:1; 4:2; 5:1; 8:2; 10:1","0.10","false","8","10","0","0","4","8","6","9","2","0","0","6","4","5","8","0","0","4","0","0","13","0","0","0"
"2026-06-18T18:04:00.000Z","P-1D-1","Team 1-D End Users","End Users","1","D","3","8","16","0","8","0","0","0.00","2.40","2.00","2.90","8","17","0.80","5.10","2.00","7.90","3","3:1; 4:2; 5:1; 8:2; 10:1","0.05","true","8","16","0","8","0","0","10","18","0","8","0","2","9","14","0","1","0","8","5","5","8","0","0","5"
"2026-06-18T18:04:00.000Z","P-1D-2","Team 1-D State/Local Hubs","State/Local Hubs","1","D","3","10","18","0","8","0","2","0.00","2.40","2.00","2.90","8","17","0.80","5.10","2.00","7.90","3","3:1; 4:2; 5:1; 8:2; 10:1","0.10","false","8","16","0","8","0","0","10","18","0","8","0","2","9","14","0","1","0","8","5","5","8","0","0","5"
"2026-06-18T18:04:00.000Z","P-1D-3","Team 1-D Regional Hubs","Regional Hubs","1","D","3","9","14","0","1","0","8","0.00","0.30","2.00","0.80","8","17","0.80","5.10","2.00","7.90","3","3:1; 4:2; 5:1; 8:2; 10:1","0.05","true","8","16","0","8","0","0","10","18","0","8","0","2","9","14","0","1","0","8","5","5","8","0","0","5"
"2026-06-18T18:04:00.000Z","P-1D-4","Team 1-D Federal Stockpile","Federal Stockpile","1","D","3","5","5","8","0","0","5","0.80","0.00","2.00","1.30","8","17","0.80","5.10","2.00","7.90","3","3:1; 4:2; 5:1; 8:2; 10:1","0.10","false","8","16","0","8","0","0","10","18","0","8","0","2","9","14","0","1","0","8","5","5","8","0","0","5"
"2026-06-18T18:04:00.000Z","P-1D-1","Team 1-D End Users","End Users","1","D","4","8","23","0","16","0","0","0.00","4.80","2.00","5.30","0","65","0.00","19.50","2.00","21.50","2","3:1; 4:2; 5:1; 8:2; 10:1","0.05","true","8","23","0","16","0","0","16","30","0","24","0","0","18","30","0","19","0","0","14","23","0","6","0","8"
"2026-06-18T18:04:00.000Z","P-1D-2","Team 1-D State/Local Hubs","State/Local Hubs","1","D","4","16","30","0","24","0","0","0.00","7.20","2.00","7.70","0","65","0.00","19.50","2.00","21.50","2","3:1; 4:2; 5:1; 8:2; 10:1","0.10","false","8","23","0","16","0","0","16","30","0","24","0","0","18","30","0","19","0","0","14","23","0","6","0","8"
"2026-06-18T18:04:00.000Z","P-1D-3","Team 1-D Regional Hubs","Regional Hubs","1","D","4","18","30","0","19","0","0","0.00","5.70","2.00","6.20","0","65","0.00","19.50","2.00","21.50","2","3:1; 4:2; 5:1; 8:2; 10:1","0.05","true","8","23","0","16","0","0","16","30","0","24","0","0","18","30","0","19","0","0","14","23","0","6","0","8"
"2026-06-18T18:04:00.000Z","P-1D-4","Team 1-D Federal Stockpile","Federal Stockpile","1","D","4","14","23","0","6","0","8","0.00","1.80","2.00","2.30","0","65","0.00","19.50","2.00","21.50","2","3:1; 4:2; 5:1; 8:2; 10:1","0.10","false","8","23","0","16","0","0","16","30","0","24","0","0","18","30","0","19","0","0","14","23","0","6","0","8"
"2026-06-18T18:04:00.000Z","P-1D-1","Team 1-D End Users","End Users","1","D","5","4","22","0","20","0","0","0.00","6.00","2.00","6.50","0","121","0.00","36.30","2.00","38.30","1","3:1; 4:2; 5:1; 8:2; 10:1","0.05","true","4","22","0","20","0","0","23","30","0","47","0","0","30","30","0","41","8","8","30","30","0","13","23","23"
"2026-06-18T18:04:00.000Z","P-1D-2","Team 1-D State/Local Hubs","State/Local Hubs","1","D","5","23","30","0","47","0","0","0.00","14.10","2.00","14.60","0","121","0.00","36.30","2.00","38.30","1","3:1; 4:2; 5:1; 8:2; 10:1","0.10","false","4","22","0","20","0","0","23","30","0","47","0","0","30","30","0","41","8","8","30","30","0","13","23","23"
"2026-06-18T18:04:00.000Z","P-1D-3","Team 1-D Regional Hubs","Regional Hubs","1","D","5","30","30","0","41","8","8","0.00","12.30","2.00","12.80","0","121","0.00","36.30","2.00","38.30","1","3:1; 4:2; 5:1; 8:2; 10:1","0.05","true","4","22","0","20","0","0","23","30","0","47","0","0","30","30","0","41","8","8","30","30","0","13","23","23"
"2026-06-18T18:04:00.000Z","P-1D-4","Team 1-D Federal Stockpile","Federal Stockpile","1","D","5","30","30","0","13","23","23","0.00","3.90","2.00","4.40","0","121","0.00","36.30","2.00","38.30","1","3:1; 4:2; 5:1; 8:2; 10:1","0.10","false","4","22","0","20","0","0","23","30","0","47","0","0","30","30","0","41","8","8","30","30","0","13","23","23"
"2026-06-18T18:04:00.000Z","P-1D-1","Team 1-D End Users","End Users","1","D","6","4","25","0","24","0","0","0.00","7.20","2.00","7.70","0","146","0.00","43.80","2.00","45.80","1","3:1; 4:2; 5:1; 8:2; 10:1","0.05","true","4","25","0","24","0","0","22","30","0","61","8","8","30","30","0","48","23","23","30","30","0","13","30","30"
"2026-06-18T18:04:00.000Z","P-1D-2","Team 1-D State/Local Hubs","State/Local Hubs","1","D","6","22","30","0","61","8","8","0.00","18.30","2.00","18.80","0","146","0.00","43.80","2.00","45.80","1","3:1; 4:2; 5:1; 8:2; 10:1","0.10","false","4","25","0","24","0","0","22","30","0","61","8","8","30","30","0","48","23","23","30","30","0","13","30","30"
"2026-06-18T18:04:00.000Z","P-1D-3","Team 1-D Regional Hubs","Regional Hubs","1","D","6","30","30","0","48","23","23","0.00","14.40","2.00","14.90","0","146","0.00","43.80","2.00","45.80","1","3:1; 4:2; 5:1; 8:2; 10:1","0.05","true","4","25","0","24","0","0","22","30","0","61","8","8","30","30","0","48","23","23","30","30","0","13","30","30"
"2026-06-18T18:04:00.000Z","P-1D-4","Team 1-D Federal Stockpile","Federal Stockpile","1","D","6","30","30","0","13","30","30","0.00","3.90","2.00","4.40","0","146","0.00","43.80","2.00","45.80","1","3:1; 4:2; 5:1; 8:2; 10:1","0.10","false","4","25","0","24","0","0","22","30","0","61","8","8","30","30","0","48","23","23","30","30","0","13","30","30"
"2026-06-18T18:04:00.000Z","P-1D-1","Team 1-D End Users","End Users","1","D","7","8","29","0","24","8","8","0.00","7.20","2.00","7.70","0","148","0.00","44.40","2.00","46.40","3","3:1; 4:2; 5:1; 8:2; 10:1","0.05","true","8","29","0","24","8","8","25","30","0","63","23","23","30","30","0","48","30","30","30","30","0","13","30","30"
"2026-06-18T18:04:00.000Z","P-1D-2","Team 1-D State/Local Hubs","State/Local Hubs","1","D","7","25","30","0","63","23","23","0.00","18.90","2.00","19.40","0","148","0.00","44.40","2.00","46.40","3","3:1; 4:2; 5:1; 8:2; 10:1","0.10","false","8","29","0","24","8","8","25","30","0","63","23","23","30","30","0","48","30","30","30","30","0","13","30","30"
"2026-06-18T18:04:00.000Z","P-1D-3","Team 1-D Regional Hubs","Regional Hubs","1","D","7","30","30","0","48","30","30","0.00","14.40","2.00","14.90","0","148","0.00","44.40","2.00","46.40","3","3:1; 4:2; 5:1; 8:2; 10:1","0.05","true","8","29","0","24","8","8","25","30","0","63","23","23","30","30","0","48","30","30","30","30","0","13","30","30"
"2026-06-18T18:04:00.000Z","P-1D-4","Team 1-D Federal Stockpile","Federal Stockpile","1","D","7","30","30","0","13","30","30","0.00","3.90","2.00","4.40","0","148","0.00","44.40","2.00","46.40","3","3:1; 4:2; 5:1; 8:2; 10:1","0.10","false","8","29","0","24","8","8","25","30","0","63","23","23","30","30","0","48","30","30","30","30","0","13","30","30"
"2026-06-18T18:04:00.000Z","P-1D-1","Team 1-D End Users","End Users","1","D","8","4","13","0","5","23","23","0.00","1.50","2.00","2.00","0","128","0.00","38.40","2.00","40.40","1","3:1; 4:2; 5:1; 8:2; 10:1","0.05","true","4","13","0","5","23","23","29","30","0","62","30","30","30","30","0","48","30","30","30","30","0","13","30","30"
"2026-06-18T18:04:00.000Z","P-1D-2","Team 1-D State/Local Hubs","State/Local Hubs","1","D","8","29","30","0","62","30","30","0.00","18.60","2.00","19.10","0","128","0.00","38.40","2.00","40.40","1","3:1; 4:2; 5:1; 8:2; 10:1","0.10","false","4","13","0","5","23","23","29","30","0","62","30","30","30","30","0","48","30","30","30","30","0","13","30","30"
"2026-06-18T18:04:00.000Z","P-1D-3","Team 1-D Regional Hubs","Regional Hubs","1","D","8","30","30","0","48","30","30","0.00","14.40","2.00","14.90","0","128","0.00","38.40","2.00","40.40","1","3:1; 4:2; 5:1; 8:2; 10:1","0.05","true","4","13","0","5","23","23","29","30","0","62","30","30","30","30","0","48","30","30","30","30","0","13","30","30"
"2026-06-18T18:04:00.000Z","P-1D-4","Team 1-D Federal Stockpile","Federal Stockpile","1","D","8","30","30","0","13","30","30","0.00","3.90","2.00","4.40","0","128","0.00","38.40","2.00","40.40","1","3:1; 4:2; 5:1; 8:2; 10:1","0.10","false","4","13","0","5","23","23","29","30","0","62","30","30","30","30","0","48","30","30","30","30","0","13","30","30"
"2026-06-18T18:04:00.000Z","P-1D-1","Team 1-D End Users","End Users","1","D","9","8","9","17","0","30","13","1.70","0.00","0.00","1.70","17","106","1.70","31.80","0.00","33.50","2","3:1; 4:2; 5:1; 8:2; 10:1","0.05","true","8","9","17","0","30","13","13","30","0","45","30","30","30","30","0","48","30","30","30","30","0","13","30","30"
"2026-06-18T18:04:00.000Z","P-1D-2","Team 1-D State/Local Hubs","State/Local Hubs","1","D","9","13","30","0","45","30","30","0.00","13.50","0.00","13.50","17","106","1.70","31.80","0.00","33.50","2","3:1; 4:2; 5:1; 8:2; 10:1","0.10","false","8","9","17","0","30","13","13","30","0","45","30","30","30","30","0","48","30","30","30","30","0","13","30","30"
"2026-06-18T18:04:00.000Z","P-1D-3","Team 1-D Regional Hubs","Regional Hubs","1","D","9","30","30","0","48","30","30","0.00","14.40","0.00","14.40","17","106","1.70","31.80","0.00","33.50","2","3:1; 4:2; 5:1; 8:2; 10:1","0.05","true","8","9","17","0","30","13","13","30","0","45","30","30","30","30","0","48","30","30","30","30","0","13","30","30"
"2026-06-18T18:04:00.000Z","P-1D-4","Team 1-D Federal Stockpile","Federal Stockpile","1","D","9","30","30","0","13","30","30","0.00","3.90","0.00","3.90","17","106","1.70","31.80","0.00","33.50","2","3:1; 4:2; 5:1; 8:2; 10:1","0.10","false","8","9","17","0","30","13","13","30","0","45","30","30","30","30","0","48","30","30","30","30","0","13","30","30"
"2026-06-18T18:04:00.000Z","P-1D-1","Team 1-D End Users","End Users","1","D","10","4","4","43","0","30","4","4.30","0.00","0.00","4.30","43","85","4.30","25.50","0.00","29.80","1","3:1; 4:2; 5:1; 8:2; 10:1","0.05","true","4","4","43","0","30","4","9","29","0","24","30","30","30","30","0","48","30","30","30","30","0","13","30","30"
"2026-06-18T18:04:00.000Z","P-1D-2","Team 1-D State/Local Hubs","State/Local Hubs","1","D","10","9","29","0","24","30","30","0.00","7.20","0.00","7.20","43","85","4.30","25.50","0.00","29.80","1","3:1; 4:2; 5:1; 8:2; 10:1","0.10","false","4","4","43","0","30","4","9","29","0","24","30","30","30","30","0","48","30","30","30","30","0","13","30","30"
"2026-06-18T18:04:00.000Z","P-1D-3","Team 1-D Regional Hubs","Regional Hubs","1","D","10","30","30","0","48","30","30","0.00","14.40","0.00","14.40","43","85","4.30","25.50","0.00","29.80","1","3:1; 4:2; 5:1; 8:2; 10:1","0.05","true","4","4","43","0","30","4","9","29","0","24","30","30","30","30","0","48","30","30","30","30","0","13","30","30"
"2026-06-18T18:04:00.000Z","P-1D-4","Team 1-D Federal Stockpile","Federal Stockpile","1","D","10","30","30","0","13","30","30","0.00","3.90","0.00","3.90","43","85","4.30","25.50","0.00","29.80","1","3:1; 4:2; 5:1; 8:2; 10:1","0.10","false","4","4","43","0","30","4","9","29","0","24","30","30","30","30","0","48","30","30","30","30","0","13","30","30"
"2026-06-18T18:04:00.000Z","P-1D-1","Team 1-D End Users","End Users","1","D","11","4","4","69","0","30","4","6.90","0.00","0.00","6.90","71","60","7.10","18.00","0.00","25.10","1","3:1; 4:2; 5:1; 8:2; 10:1","0.05","true","4","4","69","0","30","4","4","8","2","0","30","28","29","30","0","47","30","30","30","30","0","13","30","30"
"2026-06-18T18:04:00.000Z","P-1D-2","Team 1-D State/Local Hubs","State/Local Hubs","1","D","11","4","8","2","0","30","28","0.20","0.00","0.00","0.20","71","60","7.10","18.00","0.00","25.10","1","3:1; 4:2; 5:1; 8:2; 10:1","0.10","false","4","4","69","0","30","4","4","8","2","0","30","28","29","30","0","47","30","30","30","30","0","13","30","30"
"2026-06-18T18:04:00.000Z","P-1D-3","Team 1-D Regional Hubs","Regional Hubs","1","D","11","29","30","0","47","30","30","0.00","14.10","0.00","14.10","71","60","7.10","18.00","0.00","25.10","1","3:1; 4:2; 5:1; 8:2; 10:1","0.05","true","4","4","69","0","30","4","4","8","2","0","30","28","29","30","0","47","30","30","30","30","0","13","30","30"
"2026-06-18T18:04:00.000Z","P-1D-4","Team 1-D Federal Stockpile","Federal Stockpile","1","D","11","30","30","0","13","30","30","0.00","3.90","0.00","3.90","71","60","7.10","18.00","0.00","25.10","1","3:1; 4:2; 5:1; 8:2; 10:1","0.10","false","4","4","69","0","30","4","4","8","2","0","30","28","29","30","0","47","30","30","30","30","0","13","30","30"